name,ratings,prices,aminities,location,description
Fairmont Nile City,4.5,"EGP 6,270",",Valet parking,Free High Speed Internet (WiFi),Pool,Fitness Centre with Gym / Workout Room,Bar / lounge,Casino and Gambling,Aerobics,Kids stay free,Paid private parking on-site,Wifi,Paid wifi,Hot bath,Pool / beach towels,Rooftop pool,Pool with view,Adult pool,Outdoor pool,Shallow end in pool,Yoga classes,Yoga room,Fitness / spa changing rooms,Fitness classes,Personal trainer,Sauna,Coffee shop,Restaurant,Breakfast available,Breakfast buffet,Breakfast in the room,Complimentary Instant Coffee,Complimentary tea,Complimentary welcome drink,Happy hour,Kid-friendly buffet,Kids' meals,Outdoor dining area,Snack bar,Special diet menus,Wine / champagne,Poolside bar,Rooftop bar,Entertainment staff,Evening entertainment,Nightclub / DJ,Babysitting,Children's television networks,Kids pool,Highchairs available,Free airport transportation,Airport transportation,Shuttle bus service,Car hire,Taxi service,Business Centre with Internet Access,Conference facilities,Banquet room,Meeting rooms,Photo copier / fax In business centre,Spa,Body wrap,Couples massage,Facial treatments,Foot bath,Foot massage,Full body massage,Hammam,Hand massage,Head massage,Makeup services,Manicure,Massage,Massage chair,Neck massage,Pedicure,Salon,Steam room,Waxing services,Rooftop terrace,24-hour security,Baggage storage,Concierge,Currency exchange,Executive lounge access,Gift shop,Newspaper,Outdoor furniture,Shared bathroom,Shared lounge / TV area,Shops,Sun deck,Sun loungers / beach chairs,Sun terrace,Sun umbrellas,ATM on site,Butler service,Doorperson,First aid kit,Infirmary,Umbrella,24-hour check-in,24-hour front desk,Express check-in / check-out,Private check-in / check-out,Clothes dryer,Dry cleaning,Laundry service,Ironing service,Shoeshine,Allergy-free room,Blackout curtains,Air conditioning,Additional bathroom,Desk,Coffee / tea maker,Cable / satellite TV,Bidet,Air purifier,Bathrobes,Dining area,Housekeeping,Interconnected rooms available,Private balcony,Room service,Safe,Seating area,Separate dining area,Separate living room,Sofa,Telephone,VIP room facilities,Wardrobe / wardrobe,Bottled water,Iron,Laptop safe,Private bathrooms,Tile / marble floor,Wake-up service / alarm clock,Kitchenette,Minibar,Refrigerator,Electric kettle,Flatscreen TV,On-demand films,Radio,iPod docking station,Walk-in shower,Whirlpool bathtub,Bath / shower,Complimentary toiletries,Hair dryer,City view,Bridal suite,Non-smoking rooms,Suites,Family rooms,Smoking rooms available","Nile City Towers - 2005 B, Corniche El Nil Ramlet Beaulac, Cairo 2466 Egypt","A melting pot of history and diversity, the city of Cairo is ideal for both business and leisure. Like the city itself, Fairmont Nile City offers a delightful series of contrasts, combining advanced technology and modern design with local flavors and flair. With sweeping panoramas of the river Nile and the Pyramids in the distance, Cairo’s beauty and history are always in sight from your luxury accommodation. During your stay, embark on culinary adventures at the city’s finest restaurants, enjoy the fresh air at our rooftop poolside restaurant and pamper yourself at Willow Stream Spa. Part of the prestigious Nile City complex, this luxury hotel is the perfect location for business events. The space consists of 845 square meters (9,100 square feet) plus 450 square meters (4,800 square feet) of outdoor space dedicated to meetings and conventions, comprising of 10 meeting rooms including a ballroom. The space also offers spectacular river Nile views."
"Al Masa Hotel, Nasr City",5.0,"EGP 1,938",",Free parking,Free High Speed Internet (WiFi),Pool,Fitness Centre with Gym / Workout Room,Bar / lounge,Tennis court,Kids stay free,Babysitting,Wifi,Hot bath,Outdoor pool,Fitness / spa changing rooms,Sauna,Restaurant,Breakfast available,Breakfast buffet,Breakfast in the room,Children Activities (Kid / Family Friendly),Kids club,Airport transportation,Car hire,Taxi service,Business Centre with Internet Access,Conference facilities,Banquet room,Meeting rooms,Spa,Massage,Salon,Steam room,24-hour security,Baggage storage,Concierge,Currency exchange,Non-smoking hotel,ATM on site,Doorperson,24-hour front desk,Dry cleaning,Laundry service,Ironing service,Shoeshine,Air conditioning,Room service,Safe,VIP room facilities,Minibar,Refrigerator,Flatscreen TV,Bridal suite,Non-smoking rooms,Suites,Family rooms,Smoking rooms available","Dr Abd Al Aziz Al Shennawy St, Cairo 11511 Egypt","You are invited to escape the noise and the pollution and to enjoy the peaceful atmosphere on Al Masa spectacular heights. While sitting under a pergola surrounded by the stunning nature enjoy beverage of choice that are served to match the moment. It is the spot for a quiet, contemplative moment where you can enjoy the tranquility of the environment. In a one-of-a-kind experience, imagine your self-hiking along one of the most beautiful ridge walks in the green foothills. Al Masa Hotel features a terrace with a swimming pool. In the green area of Nasr City, it includes 5 restaurants and a spa center. All the elegant rooms have a balcony. Al Masa Hotel has a selection of activities, including different types of massages, Billiards, cinema and bowling. Cairo International Airport is a 10-minute drive and Cairo International Conference Centre is just a 5-minute drive away. The center of Cairo and the Egyptian Museum are both 20 minutes away by car."
Le Passage Cairo Hotel & Casino,4.5,"EGP 2,872",",Valet parking,Free internet,Pool,Fitness Centre with Gym / Workout Room,Bar / lounge,Casino and Gambling,Water park,Kids stay free,Public wifi,Hot bath,Infinity pool,Adult pool,Outdoor pool,Heated pool,Fitness / spa changing rooms,Fitness classes,Coffee shop,Restaurant,Breakfast buffet,Breakfast in the room,Kid-friendly buffet,Kids' meals,Special diet menus,Swimup bar,Poolside bar,Nightclub / DJ,Children Activities (Kid / Family Friendly),Kids club,Free airport transportation,Free shuttle or taxi services,Airport transportation,Shuttle bus service,Car hire,Taxi service,Business Centre with Internet Access,Conference facilities,Banquet room,Meeting rooms,Spa,Massage,Salon,Steam room,24-hour security,Baggage storage,Concierge,Currency exchange,Gift shop,Shops,ATM on site,Butler service,Doorperson,24-hour front desk,Express check-in / check-out,Dry cleaning,Laundry service,Self-serve laundry,Ironing service,Shoeshine,Allergy-free room,Blackout curtains,Air conditioning,Interconnected rooms available,Room service,Safe,Minibar,Flatscreen TV,VIP room facilities,Wake-up service / alarm clock,Refrigerator,Bridal suite,Non-smoking rooms,Suites,Family rooms,Smoking rooms available","Cairo International Airport Road El Horreya-Heliopolis, Cairo 11511 Egypt","Le Passage Cairo Hotel & Casino is located in Heliopolis, an elegant business and residential district in Cairo and it is considered one of the safest area in town. The hotel is only five minutes from Cairo International Airport and ten minutes from the Cairo International Convention Centre and Fair Grounds, with free shuttle bus service, free wifi and free internet. Great design is the key to this urban, cosmopolitan business and leisure base, providing a sophisticated and stylish environment in the throbbing heart of Egypt and the Middle East. Le Passage Cairo Hotel & Casino celebrates individuality with a wide range of accommodation choices from well appointed rooms and suites with exquisite views to the Executive Club floor which is ideal for business travelers, short breaks, family holidays or those special occasions."
Sofitel Cairo Nile El Gezirah,4.5,"EGP 7,994",",Valet parking,Free internet,Pool,Fitness Centre with Gym / Workout Room,Bar / lounge,Casino and Gambling,Entertainment staff,Kids stay free,Paid private parking on-site,Wifi,Hot bath,Pool / beach towels,Infinity pool,Pool with view,Outdoor pool,Heated pool,Yoga classes,Fitness / spa changing rooms,Fitness classes,Sauna,Restaurant,Breakfast available,Breakfast buffet,Breakfast in the room,Complimentary welcome drink,Happy hour,Kid-friendly buffet,Kids' meals,Outdoor dining area,Snack bar,Special diet menus,Wine / champagne,Swimup bar,Poolside bar,Evening entertainment,Patio,Nightclub / DJ,Babysitting,Kids pool,Airport transportation,Car hire,Taxi service,Business Centre with Internet Access,Conference facilities,Banquet room,Meeting rooms,Photo copier / fax In business centre,Spa,Body wrap,Couples massage,Facial treatments,Foot massage,Full body massage,Hammam,Head massage,Makeup services,Manicure,Massage,Neck massage,Pedicure,Salon,Steam room,24-hour security,Baggage storage,Concierge,Currency exchange,Executive lounge access,Gift shop,Newspaper,Outdoor furniture,Shops,Sun deck,Sun loungers / beach chairs,Sun umbrellas,ATM on site,Butler service,Doorperson,Umbrella,24-hour check-in,24-hour front desk,Express check-in / check-out,Dry cleaning,Laundry service,Ironing service,Shoeshine,Blackout curtains,Bathrobes,Air conditioning,Additional bathroom,Desk,Minibar,Cable / satellite TV,Bath / shower,Housekeeping,Interconnected rooms available,Private balcony,Room service,Seating area,Telephone,Wardrobe / wardrobe,Bottled water,Clothes rack,Iron,Private bathrooms,Wake-up service / alarm clock,Refrigerator,Electric kettle,Flatscreen TV,Hair dryer,City view,Landmark view,Bridal suite,Non-smoking rooms,Suites,Family rooms,Smoking rooms available","3 El Thawra Council St Zamalek, Cairo Egypt","On the southern tip of Gezirah Island, the hotel is a corner of paradise in central Cairo, minutes from Cairo’s business districts. Discover a haven of peace during a vacation in Egypt, and a comfortable base to rest after a successful day of business. Relax by the pool, pamper yourself in Sofitel SPA, wine and dine in our international restaurants and bars. Surrender to luxury and come for a day, a weekend, a week…or more. A stroll along the hotel’s lush riverside promenade takes you to a host of acclaimed restaurants and bars. You can take your time, enjoying the cool shade of exotic palms and breathing in the scent of hibiscus. You’ll hear the gentle sound of water lapping as you rest on a Nile-side terrace with a cool drink, and dine on international cuisine. It’s especially beautiful at dusk, when the sun sets over Cairo’s skyline and vibrant nightlife. Escape the city for a day at our secluded Cairo hotel, which feels like an exclusive Egyptian resort set in lush gardens. Take advantage of Sofitel SPA and Sofitel FIT, float in an infinity pool overlooking the Nile, unwind in a bubbling whirlpool bath… whatever you desire. Day membership includes discounts to the restaurants and bars which line the Nile-side promenade, promising refreshment and fun for families, couples and friends."
"Radisson Blu Hotel, Cairo Heliopolis",4.0,"EGP 3,308",",Paid private parking on-site,Free High Speed Internet (WiFi),Pool,Fitness Centre with Gym / Workout Room,Bar / lounge,Walking tours,Highchairs available,Airport transportation,Secured parking,Wifi,Rooftop pool,Outdoor pool,Heated pool,Fitness / spa changing rooms,Personal trainer,Sauna,Restaurant,Breakfast available,Breakfast buffet,Breakfast in the room,Complimentary tea,Happy hour,Kids' meals,Poolside bar,Shuttle bus service,Car hire,Taxi service,Conference facilities,Banquet room,Meeting rooms,Spa,Body wrap,Facial treatments,Foot massage,Full body massage,Hammam,Hand massage,Head massage,Manicure,Massage,Neck massage,Pedicure,Steam room,Waxing services,Rooftop terrace,24-hour security,Baggage storage,Concierge,Currency exchange,Doorperson,24-hour check-in,24-hour front desk,Dry cleaning,Laundry service,Ironing service,Blackout curtains,Air conditioning,Desk,Housekeeping,Interconnected rooms available,Coffee / tea maker,Cable / satellite TV,Bath / shower,Room service,Safe,Telephone,Wardrobe / wardrobe,Bottled water,Iron,Private bathrooms,Wake-up service / alarm clock,Electric kettle,Flatscreen TV,Complimentary toiletries,Hair dryer,City view,Non-smoking rooms,Suites,Family rooms,Smoking rooms available","Abdel Hamid Badawi Street Extension Heliopolis Area, Cairo 11511 Egypt","Superbly located in Heliopolis, The new Radisson Blu Hotel, Cairo Heliopolis is the hotel of choice for business travelers and tourists. Providing spacious, well appointed guest rooms. The hotel is the perfect oasis for guest visiting the city. Flexible meeting rooms and a day-lit ballroom make the hotel one of the area's premiere conference venues. After a hard day’s work, or following a visit to Cairo sights guests can relax and unwind in the Egyptian sun at the hotel’s rooftop pool and elegant spa area."
Dusit Thani LakeView Cairo,4.5,"EGP 8,719",",Valet parking,Free High Speed Internet (WiFi),Pool,Fitness Centre with Gym / Workout Room,Bar / lounge,Entertainment staff,Kids stay free,Babysitting,Wifi,Paid internet,Pool / beach towels,Adult pool,Outdoor pool,Heated pool,Plunge pool,Fitness / spa changing rooms,Fitness classes,Sauna,Coffee shop,Restaurant,Breakfast available,Breakfast buffet,Breakfast in the room,Complimentary welcome drink,Kid-friendly buffet,Kids' meals,Outdoor dining area,Snack bar,Special diet menus,Wine / champagne,Swimup bar,Poolside bar,Children's playground,Children Activities (Kid / Family Friendly),Kids pool,Kids' outdoor play equipment,Highchairs available,Free shuttle or taxi services,Airport transportation,Shuttle bus service,Car hire,Taxi service,Business Centre with Internet Access,Conference facilities,Banquet room,Meeting rooms,Spa,Body wrap,Couples massage,Facial treatments,Foot massage,Full body massage,Hammam,Head massage,Massage,Neck massage,Salon,Steam room,24-hour security,Baggage storage,Concierge,Currency exchange,Executive lounge access,Outdoor furniture,Sun deck,Sun loungers / beach chairs,Sun umbrellas,ATM on site,Butler service,Doorperson,First aid kit,24-hour check-in,24-hour front desk,Express check-in / check-out,Private check-in / check-out,Dry cleaning,Laundry service,Ironing service,Shoeshine,Allergy-free room,Blackout curtains,Air conditioning,Desk,Housekeeping,Minibar,Cable / satellite TV,Walk-in shower,Soundproof rooms,Bathrobes,Interconnected rooms available,Private balcony,Room service,Safe,Seating area,Telephone,VIP room facilities,Wardrobe / wardrobe,Bottled water,Iron,Private bathrooms,Tile / marble floor,Wake-up service / alarm clock,Electric kettle,Flatscreen TV,Bath / shower,Complimentary toiletries,Hair dryer,Pool view,Bridal suite,Non-smoking rooms,Suites,Family rooms,Smoking rooms available","El Tesseen Street City Centre, Fifth Settlement, New Cairo, Cairo 11511 Egypt","An oasis of greenery in the heart of New Cairo, Dusit Thani Lake View Cairo brings a taste of gracious Thai hospitality to the center of Egypt. Conveniently situated near Cairo International airport, the hotel enjoys pride of place in New Cairo’s Fifth Settlement in close proximity to the main roads that lead to major attractions, including the Pyramids, Sphinx, Citadel and Egyptian Museum. Guests are welcomed with elegant rooms and suites, three outdoor swimming pools, a fitness center, world-class spa and an array of fine dining options spanning a world of tastes and flavours."
"InterContinental Cairo Semiramis, an IHG Hotel",4.5,"EGP 7,566",",Valet parking,Free High Speed Internet (WiFi),Pool,Fitness Centre with Gym / Workout Room,Bar / lounge,Casino and Gambling,Kids stay free,Babysitting,Paid private parking on-site,Wifi,Hot bath,Pool / beach towels,Pool with view,Outdoor pool,Yoga classes,Fitness / spa changing rooms,Fitness classes,Personal trainer,Sauna,Coffee shop,Restaurant,Breakfast available,Breakfast buffet,Breakfast in the room,Kid-friendly buffet,Kids' meals,Outdoor dining area,Wine / champagne,Poolside bar,Highchairs available,Airport transportation,Car hire,Taxi service,Business Centre with Internet Access,Conference facilities,Banquet room,Meeting rooms,Photo copier / fax In business centre,Spa,Body wrap,Couples massage,Facial treatments,Foot bath,Foot massage,Full body massage,Hammam,Hand massage,Head massage,Light therapy,Manicure,Massage,Neck massage,Pedicure,Salon,Steam room,Rooftop terrace,24-hour security,Baggage storage,Concierge,Currency exchange,Shops,Sun terrace,Sun umbrellas,ATM on site,Butler service,Doorperson,24-hour front desk,Dry cleaning,Laundry service,Ironing service,Shoeshine,Blackout curtains,Bathrobes,Air conditioning,Desk,Housekeeping,Coffee / tea maker,Cable / satellite TV,Bidet,Interconnected rooms available,Private balcony,Room service,Safe,Telephone,VIP room facilities,Wardrobe / wardrobe,Bottled water,Iron,Laptop safe,Private bathrooms,Wake-up service / alarm clock,Minibar,Refrigerator,Electric kettle,Flatscreen TV,Radio,Bath / shower,Complimentary toiletries,Hair dryer,City view,Landmark view,Pool view,Bridal suite,Non-smoking rooms,Suites,Family rooms,Smoking rooms available","Corniche El Nil, Cairo 11511 Egypt","On the historic Semiramis hotel site, guests can enjoy modern luxury by the river Nile. Semiramis InterContinental Cairo is 23 KM from Cairo International airport with a premium location in the heart of the city center next to the Egyptian Museum and Khan el Khalili. The Hotel features a 26 sq m2 rooftop pool, fine dining with exquisite cuisine, conference facilities, a state of the art spa, a shopping arcade, and the Nile Terrace offering stunning views of the sunset over the Nile."
Royal Maxim Palace Kempinski Cairo,4.5,"EGP 5,371",",Valet parking,Free High Speed Internet (WiFi),Pool,Fitness Centre with Gym / Workout Room,Bar / lounge,Entertainment staff,Evening entertainment,Kids stay free,Paid private parking on-site,Wifi,Hot bath,Pool / beach towels,Infinity pool,Adult pool,Indoor pool,Outdoor pool,Heated pool,Shallow end in pool,Fitness / spa changing rooms,Fitness classes,Personal trainer,Sauna,Restaurant,Breakfast available,Breakfast buffet,Breakfast in the room,Complimentary welcome drink,Outdoor dining area,Poolside bar,Babysitting,Children's playground,Children's television networks,Indoor play area for children,Children Activities (Kid / Family Friendly),Kids club,Kids pool,Highchairs available,Free shuttle or taxi services,Airport transportation,Shuttle bus service,Car hire,Taxi service,Business Centre with Internet Access,Conference facilities,Banquet room,Meeting rooms,Spa,Couples massage,Facial treatments,Foot massage,Hammam,Hand massage,Head massage,Light therapy,Manicure,Massage,Neck massage,Pedicure,Salon,Steam room,Waxing services,24-hour security,BBQ facilities,Baggage storage,Concierge,Currency exchange,Executive lounge access,Gift shop,Newspaper,Sun umbrellas,ATM on site,Butler service,Doorperson,First aid kit,Umbrella,24-hour check-in,24-hour front desk,Dry cleaning,Laundry service,Ironing service,Shoeshine,Allergy-free room,Blackout curtains,Air conditioning,Desk,Fireplace,Coffee / tea maker,Cable / satellite TV,Bidet,Bathrobes,Housekeeping,Interconnected rooms available,Private balcony,Room service,Safe,Telephone,VIP room facilities,Wardrobe / wardrobe,Bottled water,Clothes rack,Iron,Private bathrooms,Tile / marble floor,Wake-up service / alarm clock,Minibar,Electric kettle,Flatscreen TV,Radio,Bath / shower,Hair dryer,City view,Pool view,Bridal suite,Non-smoking rooms,Suites,Family rooms,Smoking rooms available","First Settlement, Cairo 11511 Egypt","Let us welcome you to Royal Maxim Palace Kempinski, a haven of tranquillity in the heart of New Cairo. Offering a range of palatial services, the 5 star hotel features the finest facilities coupled with the highest levels of service. The hotel’s optimum location on the city’s ring road and its close proximity to Cairo International Airport make it the perfect starting point from which to explore Cairo’s treasures. With a distinctive architecture standing proudly against the New Cairo skyline, each of the 245 rooms and suites present comfortable and elegant fittings and furnishings. Enhance your stay with a visit to one of our eight exceptional restaurants & bars, or treat yourself to a rejuvenating treatment at our world-class Resense Spa. The unique architecture of New Cairo’s palatial landmark extends to our dedicated banquet floor, which includes 11 customisable meeting rooms and the largest ballroom in Egypt, Excelsior Ballroom."
Novotel Cairo Airport,4.0,"EGP 2,969",",Valet parking,Free High Speed Internet (WiFi),Pool,Fitness Centre with Gym / Workout Room,Bar / lounge,Kids stay free,Kids pool,Free airport transportation,Wifi,Pool / beach towels,Adult pool,Outdoor pool,Fitness / spa changing rooms,Restaurant,Breakfast available,Breakfast buffet,Breakfast in the room,Poolside bar,Free shuttle or taxi services,Airport transportation,Shuttle bus service,Car hire,Taxi service,Conference facilities,Banquet room,Meeting rooms,Spa,Salon,24-hour security,Baggage storage,Currency exchange,Newspaper,Shops,ATM on site,Doorperson,24-hour check-in,24-hour front desk,Express check-in / check-out,Dry cleaning,Laundry service,Ironing service,Shoeshine,Blackout curtains,Air conditioning,Housekeeping,Interconnected rooms available,Coffee / tea maker,Flatscreen TV,Sofa bed,Bath / shower,Room service,Safe,Sofa,Telephone,VIP room facilities,Wardrobe / wardrobe,Bottled water,Clothes rack,Laptop safe,Private bathrooms,Tile / marble floor,Wake-up service / alarm clock,Minibar,Electric kettle,Complimentary toiletries,Hair dryer,Pool view,Non-smoking rooms,Suites,Smoking rooms available",Cairo 11776 Egypt,"Touch down in 4-star comfort at Novotel Cairo Airport hotel, a 5-minute ride from the terminals on the free 24-hour shuttle. Relax under the palms in the courtyard, or re-energise with a dip in the pool. All-day dining means you won't fly hungry. Your modern soundproofed room lets you stretch out and enjoy a restful night at Novotel."
Hilton Cairo Heliopolis,4.0,"EGP 4,654",",Paid private parking on-site,Free internet,Pool,Fitness Centre with Gym / Workout Room,Bar / lounge,Casino and Gambling,Squash,Children's playground,Car park,Wifi,Paid internet,Hot bath,Pool / beach towels,Outdoor pool,Heated pool,Fitness classes,Restaurant,Breakfast available,Breakfast buffet,Breakfast in the room,Complimentary welcome drink,Kid-friendly buffet,Kids' meals,Outdoor dining area,Snack bar,Poolside bar,Tennis court,Evening entertainment,Children's television networks,Children Activities (Kid / Family Friendly),Kids pool,Kids' outdoor play equipment,Highchairs available,Airport transportation,Conference facilities,Banquet room,Meeting rooms,Salon,24-hour security,Baggage storage,Concierge,Currency exchange,Executive lounge access,Outdoor furniture,Shops,Sun loungers / beach chairs,Sun terrace,ATM on site,Doorperson,First aid kit,24-hour check-in,24-hour front desk,Express check-in / check-out,Dry cleaning,Laundry service,Ironing service,Shoeshine,Blackout curtains,Air conditioning,Desk,Housekeeping,Interconnected rooms available,Coffee / tea maker,Cable / satellite TV,Bath / shower,Room service,Safe,Seating area,Telephone,VIP room facilities,Wardrobe / wardrobe,Clothes rack,Iron,Private bathrooms,Wake-up service / alarm clock,Minibar,Electric kettle,Flatscreen TV,Complimentary toiletries,Hair dryer,City view,Pool view,Bridal suite,Non-smoking rooms,Suites,Family rooms,Smoking rooms available","El-Orouba Qism El-Nozha, Cairo 2466 Egypt","Finding an ideal family-friendly hotel in Cairo does not have to be difficult. Welcome to Hilton Cairo Heliopolis, a nice option for travelers like you. While staying at Hilton Cairo Heliopolis, visitors can check out Baron Palace (2.1 mi) and St. Mark's Coptic Orthodox Church (2.3 mi), some of Cairo's top attractions. You’ll enjoy relaxing rooms that offer a flat screen TV, air conditioning, and a minibar, and you can stay connected during your stay as Hilton Cairo Heliopolis offers guests free Wi-Fi. The hotel features room service and a concierge. Plus, Hilton Cairo Heliopolis offers a pool, and providing a pleasant respite from your busy day. During your stay enjoy variety of international cuisines such as Raj Indian Restaurant, Leonardo Italian restaurant, Lan-Tania Thai Restaurant, Nobel house Asian restaurant and Al-Dabke Lebanese restaurant. While in Cairo be sure to experience nearby popular attractions like Egyptian Air Force Museum (0.9 mi) and Obelisk of Ramses II (1.2 mi), which are all within walking distance of the hotel. Hilton Cairo Heliopolis looks forward to welcoming you on your visit to Cairo. NOTE: The following services and amenities are available, but with reduced service: Business Center, Fitness Center, On-site Restaurant(s)."
Ramses Hilton,4.0,"EGP 5,424",",Valet parking,Free High Speed Internet (WiFi),Pool,Fitness Centre with Gym / Workout Room,Bar / lounge,Casino and Gambling,Nightclub / DJ,Kids stay free,Paid private parking on-site,Wifi,Paid internet,Pool / beach towels,Pool with view,Outdoor pool,Sauna,Coffee shop,Restaurant,Breakfast available,Breakfast buffet,Breakfast in the room,Complimentary welcome drink,Happy hour,Kid-friendly buffet,Kids' meals,Outdoor dining area,Snack bar,Poolside bar,Children's playground,Children's television networks,Indoor play area for children,Kids' outdoor play equipment,Highchairs available,Airport transportation,Car hire,Taxi service,Business Centre with Internet Access,Conference facilities,Banquet room,Meeting rooms,Photo copier / fax In business centre,Spa,Full body massage,Massage,Salon,Rooftop terrace,24-hour security,Baggage storage,Concierge,Currency exchange,Executive lounge access,Gift shop,Shared lounge / TV area,Shops,Sun terrace,ATM on site,Butler service,Doorperson,24-hour front desk,Dry cleaning,Laundry service,Ironing service,Blackout curtains,Air conditioning,Desk,Housekeeping,Coffee / tea maker,Cable / satellite TV,Sofa bed,Walk-in shower,Private balcony,Room service,Safe,Sofa,VIP room facilities,Wardrobe / wardrobe,Bottled water,Iron,Private bathrooms,Wake-up service / alarm clock,Minibar,Refrigerator,Electric kettle,Flatscreen TV,Bath / shower,Hair dryer,City view,Landmark view,Bridal suite,Non-smoking rooms,Suites,Family rooms,Smoking rooms available","Corniche El Nile 1115, Cairo 12344 Egypt","Finding an ideal luxury hotel in Cairo does not have to be difficult. Welcome to Ramses Hilton, a nice option for travellers like you.Given the close proximity of popular landmarks, such as Zamalek (Gezira Island) (0.5 mi) and Mosque of Al-Azhar (0.9 mi), guests of Ramses Hilton can easily experience some of Cairo's most well known attractions.Ramses Hilton Hotel is a luxury hotel offering a flat screen TV, air conditioning, and a refrigerator in the rooms, and it is easy to stay connected during your stay as free wifi is offered to guests.The hotel features room service, a rooftop terrace, and a concierge. Plus, guests can enjoy a pool and free breakfast, which have made this a popular choice among travellers visiting Cairo. For guests with a vehicle, parking is available.While you’re here, be sure to check out some of the diners, including Kamala at Conrad Cairo, Bikers' Joint, and 3Almashy Egypt, all of which are a short distance from Ramses Hilton.Cairo is also home to Military Museum, a popular military museum that is not too far from Ramses Hilton.Ramses Hilton looks forward to welcoming you on your visit to Cairo."
JW Marriott Hotel Cairo,4.5,"EGP 6,381",",Valet parking,Free High Speed Internet (WiFi),Pool,Fitness Centre with Gym / Workout Room,Bar / lounge,Golf course,Tennis court,Kids stay free,Wifi,Pool / beach towels,Adult pool,Indoor pool,Outdoor pool,Heated pool,Fitness / spa changing rooms,Fitness classes,Sauna,Restaurant,Breakfast available,Breakfast buffet,Breakfast in the room,Poolside bar,Babysitting,Children Activities (Kid / Family Friendly),Kids club,Free airport transportation,Free shuttle or taxi services,Airport transportation,Shuttle bus service,Car hire,Taxi service,Business Centre with Internet Access,Conference facilities,Meeting rooms,Spa,Facial treatments,Massage,Salon,Steam room,24-hour security,Baggage storage,Concierge,Currency exchange,ATM on site,Butler service,Doorperson,24-hour front desk,Dry cleaning,Laundry service,Ironing service,Shoeshine,Allergy-free room,Air conditioning,Housekeeping,Interconnected rooms available,Private balcony,Minibar,Refrigerator,Flatscreen TV,Room service,Safe,VIP room facilities,Bridal suite,Non-smoking rooms,Suites,Family rooms,Smoking rooms available","Ring Road- Mirage City Heliopolis, Cairo 11757 Egypt","Treat yourself to a new standard of elegance at the award-winning JW Marriott Hotel Cairo. Set against the unique and magical backdrop of Cairo, Egypt, a vibrant city steeped in 7,000 years of history and culture, our luxury hotel provides a combination of relaxed sophistication and personalized service. 440 impeccably appointed hotel rooms and suites offer every luxury for your Heliopolis visit, from pillowtop mattresses and marble bathrooms to 24-hour room service and high-speed Internet. Our stunning suites feature impressive views of our golf course, or ""The Beach."" With 12 diverse dining options at your disposal, you can rest assured that your appetite will always be satisfied. Indulge in a luxury treatment at the 27,000-square foot Mandara Spa, or play a round at our Mirage City Golf Club. Plan your next event with us in Heliopolis; our hotel features gorgeous, flexible venue space and comprehensive planning services. For the getaway of a lifetime here in Egypt, choose the JW Marriott Hotel Cairo."
Sofitel Cairo Nile El Gezirah,4.5,"EGP 7,915",",Valet parking,Free internet,Pool,Fitness Centre with Gym / Workout Room,Bar / lounge,Casino and Gambling,Entertainment staff,Kids stay free,Paid private parking on-site,Wifi,Hot bath,Pool / beach towels,Infinity pool,Pool with view,Outdoor pool,Heated pool,Yoga classes,Fitness / spa changing rooms,Fitness classes,Sauna,Restaurant,Breakfast available,Breakfast buffet,Breakfast in the room,Complimentary welcome drink,Happy hour,Kid-friendly buffet,Kids' meals,Outdoor dining area,Snack bar,Special diet menus,Wine / champagne,Swimup bar,Poolside bar,Evening entertainment,Patio,Nightclub / DJ,Babysitting,Kids pool,Airport transportation,Car hire,Taxi service,Business Centre with Internet Access,Conference facilities,Banquet room,Meeting rooms,Photo copier / fax In business centre,Spa,Body wrap,Couples massage,Facial treatments,Foot massage,Full body massage,Hammam,Head massage,Makeup services,Manicure,Massage,Neck massage,Pedicure,Salon,Steam room,24-hour security,Baggage storage,Concierge,Currency exchange,Executive lounge access,Gift shop,Newspaper,Outdoor furniture,Shops,Sun deck,Sun loungers / beach chairs,Sun umbrellas,ATM on site,Butler service,Doorperson,Umbrella,24-hour check-in,24-hour front desk,Express check-in / check-out,Dry cleaning,Laundry service,Ironing service,Shoeshine,Blackout curtains,Bathrobes,Air conditioning,Additional bathroom,Desk,Minibar,Cable / satellite TV,Bath / shower,Housekeeping,Interconnected rooms available,Private balcony,Room service,Seating area,Telephone,Wardrobe / wardrobe,Bottled water,Clothes rack,Iron,Private bathrooms,Wake-up service / alarm clock,Refrigerator,Electric kettle,Flatscreen TV,Hair dryer,City view,Landmark view,Bridal suite,Non-smoking rooms,Suites,Family rooms,Smoking rooms available","3 El Thawra Council St Zamalek, Cairo Egypt","On the southern tip of Gezirah Island, the hotel is a corner of paradise in central Cairo, minutes from Cairo’s business districts. Discover a haven of peace during a vacation in Egypt, and a comfortable base to rest after a successful day of business. Relax by the pool, pamper yourself in Sofitel SPA, wine and dine in our international restaurants and bars. Surrender to luxury and come for a day, a weekend, a week…or more. A stroll along the hotel’s lush riverside promenade takes you to a host of acclaimed restaurants and bars. You can take your time, enjoying the cool shade of exotic palms and breathing in the scent of hibiscus. You’ll hear the gentle sound of water lapping as you rest on a Nile-side terrace with a cool drink, and dine on international cuisine. It’s especially beautiful at dusk, when the sun sets over Cairo’s skyline and vibrant nightlife. Escape the city for a day at our secluded Cairo hotel, which feels like an exclusive Egyptian resort set in lush gardens. Take advantage of Sofitel SPA and Sofitel FIT, float in an infinity pool overlooking the Nile, unwind in a bubbling whirlpool bath… whatever you desire. Day membership includes discounts to the restaurants and bars which line the Nile-side promenade, promising refreshment and fun for families, couples and friends."
"The St. Regis Almasa Hotel, Cairo",4.5,"EGP 4,340",",Free parking,Free High Speed Internet (WiFi),Pool,Fitness Centre with Gym / Workout Room,Bar / lounge,Bicycle rental,Game room,Kids stay free,Valet parking,Public wifi,Hot bath,Pool / beach towels,Indoor pool,Outdoor pool,Heated pool,Fitness / spa changing rooms,Personal trainer,Sauna,Coffee shop,Restaurant,Breakfast available,Breakfast buffet,Kids' meals,Snack bar,Poolside bar,Tennis court,Billiards,Babysitting,Children's playground,Children Activities (Kid / Family Friendly),Kids club,Kids pool,Free airport transportation,Airport transportation,Shuttle bus service,Car hire,Business Centre with Internet Access,Conference facilities,Banquet room,Meeting rooms,Spa,Body wrap,Facial treatments,Foot massage,Full body massage,Hammam,Hand massage,Head massage,Makeup services,Manicure,Massage,Massage chair,Neck massage,Salon,Steam room,Waxing services,24-hour security,BBQ facilities,Baggage storage,Concierge,Convenience store,Currency exchange,Executive lounge access,Outdoor fireplace,Outdoor furniture,ATM on site,Doorperson,24-hour check-in,24-hour front desk,Express check-in / check-out,Clothes dryer,Dry cleaning,Laundry service,Ironing service,Shoeshine,Blackout curtains,Bathrobes,Air conditioning,Private beach,Desk,Kitchenette,Cable / satellite TV,Walk-in shower,Dining area,Fireplace,Housekeeping,Private balcony,Room service,Safe,Seating area,Separate dining area,Separate living room,Telephone,VIP room facilities,Wardrobe / wardrobe,Bottled water,Clothes rack,Private bathrooms,Wake-up service / alarm clock,Microwave,Minibar,Oven,Refrigerator,Stovetop,Electric kettle,Kitchenware,Flatscreen TV,Radio,Bath / shower,Hair dryer,City view,Pool view,Non-smoking rooms,Suites,Family rooms,Smoking rooms available","Cairo Suez Road New Administrative Capital, Cairo 29115 Egypt","Located in the heart of the new administrative capital, The St. Regis Almasa Hotel serves as a destination within a destination. It is the prestigious address perfectly situated to enhance the networks of state officials and the business elite as well as an exquisite escape for unparalleled family time. Here, quintessential luxury meets stately elegance. On the fast track to becoming Egypt’s epicenter of governance and commerce, the new administrative capital will play host to heads of state and their delegations, while acting as the seat of power for the country’s government. Featuring a vibrant new center of arts and culture, the capital will also attract artists and art lovers to enchanting and inspiring destinations like the stunning Grand Opera House. Also, not far off are one of the world’s most iconic ancient wonders - the pyramids."
Concorde El Salam Hotel Cairo by Royal Tulip,4.0,"EGP 2,976",",Parking,Free High Speed Internet (WiFi),Pool,Fitness Centre with Gym / Workout Room,Bar / lounge,Evening entertainment,Children Activities (Kid / Family Friendly),Kids club,Wifi,Pool / beach towels,Outdoor pool,Fitness / spa changing rooms,Sauna,Restaurant,Breakfast available,Breakfast buffet,Breakfast in the room,Complimentary welcome drink,Outdoor dining area,Snack bar,Special diet menus,Wine / champagne,Swimup bar,Poolside bar,Kids pool,Free airport transportation,Free shuttle or taxi services,Airport transportation,Shuttle bus service,Car hire,Business Centre with Internet Access,Conference facilities,Banquet room,Meeting rooms,Photo copier / fax In business centre,Spa,Hand massage,Massage,Steam room,24-hour security,BBQ facilities,Baggage storage,Concierge,Currency exchange,Executive lounge access,Gift shop,Newspaper,Shops,Sun terrace,ATM on site,Butler service,24-hour check-in,24-hour front desk,Express check-in / check-out,Private check-in / check-out,Dry cleaning,Laundry service,Ironing service,Air conditioning,Private balcony,Room service,Safe,Minibar,Flatscreen TV,City view,Pool view,Non-smoking rooms,Suites,Smoking rooms available","69 Abdel Hamid Badawi Street, Heliopolis, Cairo 5614 Egypt","Located in the fashionable suburb of Heliopolis, 10 minutes from Cairo International airport, 10 minutes from the Cairo International Conference center and 25 minutes from the city center with courtesy hotel shuttle. Georgian style hotel of architecture boasting all leisure facilities including tennis courts, glazed squash courts, equestrian club & business center. 320 spacious rooms with 18 suites and 14 individual pool side rooms, Executive floor including business advantage rooms, Executive lounge and butler service. All rooms & public areas have broadband internet access with free WiFi technology, IP telephone with voice mail, data port. All rooms with 32-Inch LCD TV. 11 fully equipped meeting rooms accommodating up to 500 people. All rooms feature the latest audiovisual equipment, fax and computer facilities. Fitness & Health Club fully equipped with cardiovascular equipment for total body workouts. The Spa sauna, Jacuzzi , hammam and professional massage."
"InterContinental Cairo Semiramis, an IHG Hotel",4.5,"EGP 7,566",",Valet parking,Free High Speed Internet (WiFi),Pool,Fitness Centre with Gym / Workout Room,Bar / lounge,Casino and Gambling,Kids stay free,Babysitting,Paid private parking on-site,Wifi,Hot bath,Pool / beach towels,Pool with view,Outdoor pool,Yoga classes,Fitness / spa changing rooms,Fitness classes,Personal trainer,Sauna,Coffee shop,Restaurant,Breakfast available,Breakfast buffet,Breakfast in the room,Kid-friendly buffet,Kids' meals,Outdoor dining area,Wine / champagne,Poolside bar,Highchairs available,Airport transportation,Car hire,Taxi service,Business Centre with Internet Access,Conference facilities,Banquet room,Meeting rooms,Photo copier / fax In business centre,Spa,Body wrap,Couples massage,Facial treatments,Foot bath,Foot massage,Full body massage,Hammam,Hand massage,Head massage,Light therapy,Manicure,Massage,Neck massage,Pedicure,Salon,Steam room,Rooftop terrace,24-hour security,Baggage storage,Concierge,Currency exchange,Shops,Sun terrace,Sun umbrellas,ATM on site,Butler service,Doorperson,24-hour front desk,Dry cleaning,Laundry service,Ironing service,Shoeshine,Blackout curtains,Bathrobes,Air conditioning,Desk,Housekeeping,Coffee / tea maker,Cable / satellite TV,Bidet,Interconnected rooms available,Private balcony,Room service,Safe,Telephone,VIP room facilities,Wardrobe / wardrobe,Bottled water,Iron,Laptop safe,Private bathrooms,Wake-up service / alarm clock,Minibar,Refrigerator,Electric kettle,Flatscreen TV,Radio,Bath / shower,Complimentary toiletries,Hair dryer,City view,Landmark view,Pool view,Bridal suite,Non-smoking rooms,Suites,Family rooms,Smoking rooms available","Corniche El Nil, Cairo 11511 Egypt","On the historic Semiramis hotel site, guests can enjoy modern luxury by the river Nile. Semiramis InterContinental Cairo is 23 KM from Cairo International airport with a premium location in the heart of the city center next to the Egyptian Museum and Khan el Khalili. The Hotel features a 26 sq m2 rooftop pool, fine dining with exquisite cuisine, conference facilities, a state of the art spa, a shopping arcade, and the Nile Terrace offering stunning views of the sunset over the Nile."
New Grand Royal Hotel Cairo,4.0,"EGP 1,344",",Paid public parking on-site,Free High Speed Internet (WiFi),Free breakfast,Airport transportation,Salon,Baggage storage,Concierge,24-hour front desk,Wifi,Coffee shop,Breakfast in the room,Car hire,Currency exchange,Non-smoking hotel,Laundry service,Ironing service,Air conditioning,Housekeeping,Safe,Wake-up service / alarm clock,Refrigerator,Flatscreen TV,Bath / shower,Non-smoking rooms,Family rooms,Smoking rooms available","1 Talaat Harb Square, Cairo 11511 Egypt","Hotel Grand Royal is located in Cairo City Centre. Rooms are decorated with white colours and wooden furniture. Free Wi-Fi is available in the entire hotel. The rooms are air-conditioned with wooden flooring. Facilities include TV and bathroom with a bathtub. Some rooms have a balcony overlooking the city. Fresh flowers are sent to the rooms every day. Guests can enjoy the wide variety of restaurants located outside the hotel. Choice of food ranges from Egyptian to western dishes. The restaurant at Grand Royal is also open to guests, and room service is available as well. Guests can take a walk by the Nile River or visit the Egyptian Museum, all within 15 minutes' walking distance. The hotel is within 20 minutes' drive to Pyramids of Giza. Cairo International Airport is located within 35 minutes' driving distance."
Oasis Hotel,4.0,EGP 344,",Free public parking nearby,Free High Speed Internet (WiFi),Free breakfast,Kids stay free,Children Activities (Kid / Family Friendly),Pets Allowed ( Dog / Pet Friendly ),Airport transportation,24-hour security,Paid private parking nearby,Street parking,Wifi,Coffee shop,Restaurant,Breakfast available,Breakfast in the room,Taxi service,Shared bathroom,Shared kitchen,ATM on site,24-hour check-in,24-hour front desk,Private check-in / check-out,Clothes dryer,Dry cleaning,Laundry service,Washing machine,Ironing service,Air conditioning,Additional bathroom,Desk,Housekeeping,Coffee / tea maker,Cable / satellite TV,Extra long beds,Bath / shower,Room service,Seating area,Iron,Private bathrooms,Wake-up service / alarm clock,Refrigerator,Kitchenware,Flatscreen TV,City view,Bridal suite,Non-smoking rooms,Suites,Family rooms,Smoking rooms available","11 Ramsis Street, Abdelmonem Riyadh Square 5th Floor downtown-Cairo, Cairo 11511 Egypt","Situated in Cairo, Cairo Governorate region, Oasis Downtown Hostel is set 1 km from Tahrir Square. Located around 1 km from The Egyptian Museum, the hostel is also 2.4 km away from Khan Al Khalili. The accommodation offers free WiFi. At the hostel, the rooms are equipped with a terrace. At Elwahaa Downtown Hostel, all rooms include air conditioning and a flat-screen TV. A continental breakfast is served each morning at the property. Speaking Arabic and German, staff are always on hand to help at the reception. Al-Azhar Mosque is 2.9 km from the accommodation. The nearest airport is Cairo International Airport, 19 km from Elwahaa Downtown Hostel."
"Staybridge Suites Cairo - Citystars, an IHG Hotel",4.5,"EGP 4,832",",Parking,Free High Speed Internet (WiFi),Fitness Centre with Gym / Workout Room,Free breakfast,Kids stay free,Babysitting,Car hire,Business Centre with Internet Access,Wifi,Restaurant,Breakfast available,Breakfast buffet,Breakfast in the room,Meeting rooms,Baggage storage,Concierge,Convenience store,Currency exchange,Non-smoking hotel,Shops,24-hour front desk,Dry cleaning,Laundry service,Self-serve laundry,Air conditioning,Housekeeping,Kitchenette,Microwave,Refrigerator,Flatscreen TV,Non-smoking rooms,Suites,Family rooms","Emtedad Makram Obied Street Heliopolis, Cairo 11737 Egypt","Modern serviced apartments for extended stays in dynamic Cairo Citystars. Offering the comfort and convenience of a home away from home, Staybridge Suites® Cairo Citystars has everything you need for independent living in the exciting commercial hub of Heliopolis. With direct access to Stars Centre shopping mall, and just a seven-minute drive from Cairo International Airport and Cairo International Convention and Exhibition Centre, our 140 fully furnished studios and suites place travelers where they need to be. The buzzing streets of downtown Cairo are half an hour away, with the Great Pyramids a little further. Business travelers on extended stays in Cairo can settle into a spacious studio or suite with up to three bedrooms. Full kitchens and living areas let you cook, work and entertain in style, and Wi-Fi is complimentary throughout. A free buffet breakfast sets you up for the day, and an Evening Social invites you to mingle with fellow guests over dinner three nights a week."
Cairo Paradise Hotel,4.5,EGP 848,",Paid public parking nearby,Free High Speed Internet (WiFi),Free breakfast,Children's television networks,Airport transportation,24-hour security,Baggage storage,24-hour check-in,Wifi,Coffee shop,Breakfast in the room,Car hire,Concierge,Currency exchange,Gift shop,Newspaper,Outdoor fireplace,Shared kitchen,Shared lounge / TV area,Shops,ATM on site,24-hour front desk,Express check-in / check-out,Private check-in / check-out,Clothes dryer,Laundry service,Ironing service,Blackout curtains,Soundproof rooms,Air conditioning,Housekeeping,Coffee / tea maker,Cable / satellite TV,Extra long beds,Bidet,Bathrobes,Room service,Safe,VIP room facilities,Dishwasher,Microwave,Minibar,Oven,Refrigerator,Electric kettle,Kitchenware,Flatscreen TV,Radio,Sofa bed,Whirlpool bathtub,Bath / shower,Complimentary toiletries,Hair dryer,City view,Landmark view,Suites,Family rooms,Smoking rooms available","41 Sherif Street, Cairo 11511 Egypt","Situated in the heart of Cairo, we offers air-conditioned rooms with free Wi-Fi and a balcony. 24-hour front desk, which provides car rentals and a shuttle. The Egyptian Museum is a 10-minute walk away.The spacious rooms at Cairo Paradise Hotel come with a private or shared bathroom. All have a satellite TV and Satellite . Each features an individual decor and is fitted with heating and wooden floors.A continental fresh breakfast,is served daily for the guests.At the tour desk, guests can get information about things to see and do in Cairo. Nasser Metro Station and Ramses Train Station are within a 5-minute walk from the hotel."
Osiris Hotel,4.5,EGP 788,",Paid private parking on-site,Free High Speed Internet (WiFi),Free breakfast,Airport transportation,Rooftop terrace,Baggage storage,24-hour front desk,Express check-in / check-out,Wifi,Concierge,Sun terrace,Private check-in / check-out,Laundry service,Ironing service,Air conditioning,Housekeeping,Private balcony,Safe,Bottled water,City view,Non-smoking rooms,Family rooms","49 Nubar Bab el Louk, Cairo 11511 Egypt","The Hotel Osiris was recently built with a unique oriental inspired style, giving this place a special charm and cosy atmosphere, making you feel at home. Clean, quiet rooms, comfortable beds, air conditioning, internet cafe. Outstanding Top Roof terrace with a panoramic view of Cairo and delicious homemade Egyptian food. Managed by Josiane & Nabil, French & Egyptian, English speakers - the Hotel is strategically located in the heart of down town Cairo, by the metro & Egyptian Museum."
Steigenberger Hotel El Tahrir,4.5,"EGP 6,965",",Paid private parking on-site,Free High Speed Internet (WiFi),Pool,Fitness Centre with Gym / Workout Room,Bar / lounge,Kids stay free,Babysitting,Airport transportation,Car park,Wifi,Outdoor pool,Fitness / spa changing rooms,Sauna,Coffee shop,Restaurant,Breakfast available,Breakfast buffet,Breakfast in the room,Poolside bar,Car hire,Taxi service,Business Centre with Internet Access,Conference facilities,Banquet room,Meeting rooms,Spa,Full body massage,Massage,24-hour security,Baggage storage,Currency exchange,Newspaper,ATM on site,Doorperson,24-hour check-in,24-hour front desk,Express check-in / check-out,Dry cleaning,Laundry service,Ironing service,Blackout curtains,Air conditioning,Desk,Room service,Coffee / tea maker,Flatscreen TV,Extra long beds,Bath / shower,Safe,Telephone,Wake-up service / alarm clock,Minibar,Complimentary toiletries,Hair dryer,City view,Pool view,Non-smoking rooms,Suites,Family rooms,Smoking rooms available","2 Kasr El Nile St Tahrir Square, Cairo 11511 Egypt","Among Cairo hotels, Steigenberger El Tahrir secures a spectacular location in El Tahrir Square, overlooking the Egyptian museum, minutes away from Khan El Khalili Bazar, and in close proximity to Egypt's major attractions with a total area of 21,633 sqm. The hotel boasts 295 guest rooms and suites with luxurious decoration items and in-room amenities. This landmark hotel is an ideal location for business trips and social events, offering a variety of culinary outlets, a swimming pool, gym and banqueting facilities."
Kempinski Nile Hotel Garden City Cairo,4.5,"EGP 7,296",",Paid private parking on-site,Free High Speed Internet (WiFi),Pool,Fitness Centre with Gym / Workout Room,Bar / lounge,Entertainment staff,Evening entertainment,Babysitting,Parking,Wifi,Hot bath,Pool / beach towels,Rooftop pool,Pool with view,Outdoor pool,Heated pool,Fitness / spa changing rooms,Fitness classes,Sauna,Restaurant,Breakfast available,Breakfast buffet,Breakfast in the room,Complimentary Instant Coffee,Complimentary tea,Complimentary welcome drink,Kid-friendly buffet,Special diet menus,Wine / champagne,Poolside bar,Rooftop bar,Nightclub / DJ,Kids club,Airport transportation,Car hire,Taxi service,Business Centre with Internet Access,Conference facilities,Banquet room,Meeting rooms,Photo copier / fax In business centre,Spa,Body wrap,Couples massage,Facial treatments,Foot massage,Full body massage,Hand massage,Head massage,Hot spring bath,Manicure,Massage,Neck massage,Pedicure,Salon,Steam room,Waxing services,Rooftop terrace,24-hour security,Baggage storage,Concierge,Currency exchange,Newspaper,Shops,Sun loungers / beach chairs,ATM on site,Butler service,Doorperson,24-hour check-in,24-hour front desk,Private check-in / check-out,Dry cleaning,Laundry service,Ironing service,Shoeshine,Allergy-free room,Blackout curtains,Air conditioning,Additional bathroom,Desk,Coffee / tea maker,Flatscreen TV,Bidet,Soundproof rooms,Bathrobes,Housekeeping,Interconnected rooms available,Room service,Safe,Telephone,VIP room facilities,Wardrobe / wardrobe,Bottled water,Clothes rack,Iron,Laptop safe,Wake-up service / alarm clock,Minibar,Refrigerator,Electric kettle,On-demand films,Bath / shower,Hair dryer,City view,Landmark view,Bridal suite,Non-smoking rooms,Suites,Smoking rooms available","12 Ahmed Ragheb Street Garden City, Cairo 11519 Egypt","Situated in Cairo’s affluent Garden City district, Kempinski Nile Hotel offers luxurious rooms on the shores of the Nile RiverEach room is fitted with free Wi-Fi, free Minibar, Flat Screen TVs with satellite Channels, Free Movie Library, 24/7 Butler Service, Complimentary Tea and Coffee throughout the day. Kempinski’s full-service spa and wellness center offers Free access to Jacuzzi, steam room, and sauna.. Guests can also enjoy professional massages, or cool off in the outdoor swimming pool on the hotel’s rooftop.The hotel is few minutes walk from luxurious shopping areas, Tahrir square, Egyptian Museum, Opera House."
Cairo Marriott Hotel & Omar Khayyam Casino,4.5,"EGP 5,046",",Free private parking nearby,Free High Speed Internet (WiFi),Pool,Fitness Centre with Gym / Workout Room,Free breakfast,Casino and Gambling,Kids stay free,Kids pool,Paid public parking nearby,Car park,Wifi,Paid wifi,Pool / beach towels,Outdoor pool,Heated pool,Yoga classes,Yoga room,Fitness / spa changing rooms,Fitness classes,Sauna,Bar / lounge,Coffee shop,Restaurant,Breakfast available,Breakfast buffet,Breakfast in the room,Complimentary welcome drink,Kids' meals,Outdoor dining area,Snack bar,Poolside bar,Highchairs available,Airport transportation,Car hire,Taxi service,Business Centre with Internet Access,Conference facilities,Banquet room,Meeting rooms,Photo copier / fax In business centre,Spa,Body wrap,Couples massage,Facial treatments,Foot bath,Foot massage,Full body massage,Hammam,Hand massage,Head massage,Hot spring bath,Light therapy,Makeup services,Manicure,Massage,Massage chair,Neck massage,Pedicure,Salon,Steam room,Waxing services,24-hour security,Baggage storage,Chapel / shrine,Concierge,Currency exchange,Executive lounge access,Gift shop,Outdoor furniture,Shops,ATM on site,Butler service,Doorperson,24-hour check-in,24-hour front desk,Express check-in / check-out,Dry cleaning,Laundry service,Ironing service,Shoeshine,Blackout curtains,Soundproof rooms,Air conditioning,Desk,Housekeeping,Coffee / tea maker,Cable / satellite TV,Bidet,Bathrobes,Private balcony,Room service,Safe,Telephone,VIP room facilities,Bottled water,Iron,Private bathrooms,Wake-up service / alarm clock,Minibar,Electric kettle,Flatscreen TV,Walk-in shower,Bath / shower,Complimentary toiletries,Hair dryer,City view,Pool view,Bridal suite,Non-smoking rooms,Suites,Family rooms,Smoking rooms available","16 Saray El Gezira Street Zamalek, Cairo 11511 Egypt","Among premier Cairo, Egypt hotels, Cairo Marriott Hotel & Omar Khayyam Casino sits in the Zamalek area and is the perfect destination for weekend getaways, vacations, and business travel. The twin towers of this landmark hotel in Cairo rise 20 stories high and provide magnificent views of the Nile and six acres of palace gardens."
"Sonesta Hotel, Tower & Casino Cairo",4.5,"EGP 2,810",",Valet parking,Free High Speed Internet (WiFi),Pool,Fitness Centre with Gym / Workout Room,Bar / lounge,Casino and Gambling,Kids stay free,Babysitting,Wifi,Hot bath,Outdoor pool,Fitness / spa changing rooms,Restaurant,Breakfast available,Breakfast buffet,Breakfast in the room,Swimup bar,Poolside bar,Free shuttle or taxi services,Airport transportation,Shuttle bus service,Car hire,Taxi service,Business Centre with Internet Access,Conference facilities,Banquet room,Meeting rooms,Spa,Massage,Steam room,24-hour security,Baggage storage,Concierge,Currency exchange,ATM on site,Butler service,Doorperson,24-hour front desk,Dry cleaning,Laundry service,Ironing service,Air conditioning,Housekeeping,Private balcony,Room service,Safe,VIP room facilities,Minibar,Flatscreen TV,Bridal suite,Non-smoking rooms,Suites,Family rooms,Smoking rooms available","3 El Tayaran Street Nasr City, Cairo 9039 Egypt","The Sonesta Cairo's 409 spacious guest rooms and suites offer a variety of luxurious amenities. A room on the executive floors offer exclusive lounges and 24-hour concierge service. The poolside bar and full-service spa with a Turkish steam bath are heavens for relaxation. After the pampering, the hotel offers several options at its gourmet restaurants serving Italian, Lebanese, Japanese, or French cuisine. One of the best Cairo hotels, the Sonesta is ideal for both business and leisure travellers. ** As per the Ministry of Health and Ministry of Tourism's recent rules and regulations; Non-Egyptian guests are required to provide to the hotel a proof of a negative PCR test for (COVID-19) issued not more than 72 hours prior to arrival (starting 15 August, 2020)"
The St. Regis Cairo,5.0,"EGP 26,070",",Paid private parking on-site,Free High Speed Internet (WiFi),Pool,Fitness Centre with Gym / Workout Room,Bar / lounge,Board games / puzzles,Video game console,Babysitting,Car park,Public wifi,Paid wifi,Hot bath,Pool / beach towels,Indoor pool,Outdoor pool,Heated pool,Plunge pool,Fitness / spa changing rooms,Fitness classes,Personal trainer,Sauna,Coffee shop,Restaurant,Breakfast available,Breakfast buffet,Breakfast in the room,Complimentary Instant Coffee,Complimentary tea,Complimentary welcome drink,Kids' meals,Outdoor dining area,Snack bar,Special diet menus,Wine / champagne,Poolside bar,Books, DVDs, music for children,Children's television networks,Indoor play area for children,Kids club,Kids pool,Highchairs available,Airport transportation,Car hire,Business Centre with Internet Access,Conference facilities,Banquet room,Meeting rooms,Photo copier / fax In business centre,Spa,Body wrap,Couples massage,Facial treatments,Foot bath,Foot massage,Full body massage,Hammam,Hand massage,Head massage,Light therapy,Makeup services,Manicure,Massage,Neck massage,Pedicure,Salon,Steam room,Waxing services,24-hour security,BBQ facilities,Baggage storage,Concierge,Currency exchange,Gift shop,Newspaper,Sun deck,Sun loungers / beach chairs,Sun terrace,Sun umbrellas,ATM on site,Butler service,Doorperson,First aid kit,Umbrella,24-hour check-in,24-hour front desk,Express check-in / check-out,Private check-in / check-out,Clothes dryer,Dry cleaning,Laundry service,Washing machine,Ironing service,Shoeshine,Blackout curtains,Air purifier,Air conditioning,Additional bathroom,Desk,Coffee / tea maker,Cable / satellite TV,Bidet,Bathrobes,Dining area,Housekeeping,Interconnected rooms available,Private balcony,Room service,Safe,Seating area,Separate dining area,Separate living room,Sofa,Telephone,Wardrobe / wardrobe,Bottled water,Clothes rack,Iron,Private bathrooms,Tile / marble floor,Wake-up service / alarm clock,Minibar,Oven,Refrigerator,Stovetop,Electric kettle,Kitchenware,Flatscreen TV,On-demand films,Radio,iPod docking station,Walk-in shower,Whirlpool bathtub,Bath / shower,Complimentary toiletries,Hair dryer,City view,Landmark view,Pool view,Bridal suite,Non-smoking rooms,Suites,Family rooms,Smoking rooms available","1189 Nile Corniche Downtown, Cairo 11221 Egypt","Uncompromising standards combine with thoughtfully curated amenities in 233 spacious guest rooms, 50 exclusive suites, and 79 luxury apartments. Exquisite local heritage is reflected in outstanding views of the river and authentic Old Cairo, as well as in each sanctuary’s interior."
Le Meridien Cairo Airport,4.5,"EGP 3,791",",Valet parking,Free High Speed Internet (WiFi),Pool,Fitness Centre with Gym / Workout Room,Bar / lounge,Kids stay free,Free airport transportation,Conference facilities,Paid private parking on-site,Wifi,Hot bath,Pool / beach towels,Outdoor pool,Heated pool,Fitness / spa changing rooms,Sauna,Coffee shop,Restaurant,Breakfast available,Breakfast buffet,Breakfast in the room,Poolside bar,Free shuttle or taxi services,Airport transportation,Car hire,Taxi service,Banquet room,Meeting rooms,Spa,Salon,24-hour security,Baggage storage,Concierge,Currency exchange,Non-smoking hotel,ATM on site,Doorperson,24-hour front desk,Express check-in / check-out,Dry cleaning,Laundry service,Ironing service,Allergy-free room,Soundproof rooms,Air conditioning,Desk,Room service,Coffee / tea maker,Flatscreen TV,Bath / shower,Safe,Seating area,Telephone,VIP room facilities,Clothes rack,Iron,Wake-up service / alarm clock,Minibar,iPod docking station,Hair dryer,Non-smoking rooms,Suites,Family rooms","3 Cairo International Airport, Terminal Cairo International Airport, Terminal 3, Cairo 11511 Egypt","Your Gateway to Egypt's Discovery. Le Méridien Cairo Airport offers 66 club floor rooms with a dedicated club lounge, 264 deluxe rooms, 9 studio suites, 9 panoramic deluxe suites and 1 presidential suite - all inside of Cairo's airport. All rooms and suites are fully soundproofed, smoke-free, and feature the Le Méridien signature beds. The refined and modern design creates a perfectly relaxed experience. A combination of complimentary WIFI + cable connection coupled with the latest technology makes it easy to conduct business if necessary."
Fairmont Nile City,4.5,"EGP 6,270",",Valet parking,Free High Speed Internet (WiFi),Pool,Fitness Centre with Gym / Workout Room,Bar / lounge,Casino and Gambling,Aerobics,Kids stay free,Paid private parking on-site,Wifi,Paid wifi,Hot bath,Pool / beach towels,Rooftop pool,Pool with view,Adult pool,Outdoor pool,Shallow end in pool,Yoga classes,Yoga room,Fitness / spa changing rooms,Fitness classes,Personal trainer,Sauna,Coffee shop,Restaurant,Breakfast available,Breakfast buffet,Breakfast in the room,Complimentary Instant Coffee,Complimentary tea,Complimentary welcome drink,Happy hour,Kid-friendly buffet,Kids' meals,Outdoor dining area,Snack bar,Special diet menus,Wine / champagne,Poolside bar,Rooftop bar,Entertainment staff,Evening entertainment,Nightclub / DJ,Babysitting,Children's television networks,Kids pool,Highchairs available,Free airport transportation,Airport transportation,Shuttle bus service,Car hire,Taxi service,Business Centre with Internet Access,Conference facilities,Banquet room,Meeting rooms,Photo copier / fax In business centre,Spa,Body wrap,Couples massage,Facial treatments,Foot bath,Foot massage,Full body massage,Hammam,Hand massage,Head massage,Makeup services,Manicure,Massage,Massage chair,Neck massage,Pedicure,Salon,Steam room,Waxing services,Rooftop terrace,24-hour security,Baggage storage,Concierge,Currency exchange,Executive lounge access,Gift shop,Newspaper,Outdoor furniture,Shared bathroom,Shared lounge / TV area,Shops,Sun deck,Sun loungers / beach chairs,Sun terrace,Sun umbrellas,ATM on site,Butler service,Doorperson,First aid kit,Infirmary,Umbrella,24-hour check-in,24-hour front desk,Express check-in / check-out,Private check-in / check-out,Clothes dryer,Dry cleaning,Laundry service,Ironing service,Shoeshine,Allergy-free room,Blackout curtains,Air conditioning,Additional bathroom,Desk,Coffee / tea maker,Cable / satellite TV,Bidet,Air purifier,Bathrobes,Dining area,Housekeeping,Interconnected rooms available,Private balcony,Room service,Safe,Seating area,Separate dining area,Separate living room,Sofa,Telephone,VIP room facilities,Wardrobe / wardrobe,Bottled water,Iron,Laptop safe,Private bathrooms,Tile / marble floor,Wake-up service / alarm clock,Kitchenette,Minibar,Refrigerator,Electric kettle,Flatscreen TV,On-demand films,Radio,iPod docking station,Walk-in shower,Whirlpool bathtub,Bath / shower,Complimentary toiletries,Hair dryer,City view,Bridal suite,Non-smoking rooms,Suites,Family rooms,Smoking rooms available","Nile City Towers - 2005 B, Corniche El Nil Ramlet Beaulac, Cairo 2466 Egypt","A melting pot of history and diversity, the city of Cairo is ideal for both business and leisure. Like the city itself, Fairmont Nile City offers a delightful series of contrasts, combining advanced technology and modern design with local flavors and flair. With sweeping panoramas of the river Nile and the Pyramids in the distance, Cairo’s beauty and history are always in sight from your luxury accommodation. During your stay, embark on culinary adventures at the city’s finest restaurants, enjoy the fresh air at our rooftop poolside restaurant and pamper yourself at Willow Stream Spa. Part of the prestigious Nile City complex, this luxury hotel is the perfect location for business events. The space consists of 845 square meters (9,100 square feet) plus 450 square meters (4,800 square feet) of outdoor space dedicated to meetings and conventions, comprising of 10 meeting rooms including a ballroom. The space also offers spectacular river Nile views."
Grand Nile Tower,3.5,"EGP 4,094",",Valet parking,Wifi,Pool,Fitness Centre with Gym / Workout Room,Restaurant,Kids pool,Airport transportation,Business Centre with Internet Access,Paid private parking on-site,Pool with view,Outdoor pool,Fitness / spa changing rooms,Breakfast available,Breakfast in the room,Kid-friendly buffet,Outdoor dining area,Conference facilities,Banquet room,Meeting rooms,Spa,24-hour security,Concierge,Gift shop,Newspaper,Sun terrace,24-hour front desk,Laundry service,Ironing service,Bathrobes,Air conditioning,Housekeeping,Private balcony,Room service,Minibar,Cable / satellite TV,Bath / shower,Safe,Seating area,Sofa,Telephone,Wardrobe / wardrobe,Bottled water,Private bathrooms,Wake-up service / alarm clock,Electric kettle,Flatscreen TV,Complimentary toiletries,Hair dryer,Landmark view,Bridal suite,Non-smoking rooms,Suites,Family rooms,Smoking rooms available","Corniche El Nile Garden City, Roda Island, Cairo 11511 Egypt","A haven within the cosmopolitan vibrant city of Cairo.One of Cairo's most luxurious hotels,Grand Nile Tower is a family hotel directly situated on the magnificent Nile river with a prime location in central Cairo,close to many cultural and tourist 's attractions.This stunning Kid-friendly Hotel offers you the finest service and experiences,elegantly designed accommodation that includes a wide selection of room types all of them are overlooking the splendid Nile River.The rooms and suites are having balconies with spectacular Nile views. A wide array of cuisines at any of our eight restaurants and lounges,including the highly acclaimed Revolving restaurant at the 41st floor .The restaurant is the highest rotating restaurant in the Middle East .As a guest,you can also access the exquisite conference and banqueting facilities for hosting memorable social and corporate events."
"InterContinental Citystars Cairo, an IHG Hotel",4.5,"EGP 6,177",",Valet parking,Free High Speed Internet (WiFi),Pool,Fitness Centre with Gym / Workout Room,Free breakfast,Casino and Gambling,Nightclub / DJ,Kids stay free,Wifi,Hot bath,Outdoor pool,Heated pool,Fitness / spa changing rooms,Fitness classes,Sauna,Bar / lounge,Restaurant,Breakfast available,Breakfast buffet,Breakfast in the room,Kid-friendly buffet,Swimup bar,Poolside bar,Babysitting,Kids club,Airport transportation,Car hire,Taxi service,Business Centre with Internet Access,Conference facilities,Banquet room,Meeting rooms,Spa,Massage,Salon,Steam room,24-hour security,Baggage storage,Concierge,Currency exchange,Gift shop,Shops,ATM on site,Butler service,Doorperson,24-hour check-in,24-hour front desk,Dry cleaning,Laundry service,Ironing service,Shoeshine,Allergy-free room,Blackout curtains,Air conditioning,Additional bathroom,Housekeeping,Interconnected rooms available,Minibar,Flatscreen TV,Private balcony,Room service,Safe,VIP room facilities,Iron,Refrigerator,Bridal suite,Non-smoking rooms,Suites,Family rooms,Smoking rooms available","Omar Ibn El Khattab Street Heliopolis, Cairo 11737 Egypt","Explore Cairo's heritage amidst modern luxuries and stay at the five-star InterContinental Citystars Cairo hotel in Cairo's Heliopolis, next to Stars Centre Mall. Relax in grand rooms with beautiful furnishings and views. Indulge at our 10 exquisite restaurants and bars. Need event space? Our private meeting rooms and Egypt's largest ballroom will satisfy your requirements. Our concierge gladly arranges private tours of the nearby Cairo Citadel, the Pyramids, and soon, The Grand Egyptian Museum."
Dahab Hostel,4.5,EGP 502,",Free High Speed Internet (WiFi),Wifi,Board games / puzzles,Airport transportation,Rooftop terrace,24-hour security,24-hour front desk,Laundry service,Taxi service,Baggage storage,Shared bathroom,Shared kitchen,Shared lounge / TV area,Sun terrace,Non-smoking rooms","26 Mahmoud Bassiouny Rooftop, 7th Floor, Talat Harb Sq, Cairo 11511 Egypt","Dahab Hostel, Your Oasis in the City... It has been open since 1998. It has been registered in all the major guidebooks and has consistently received positive reviews. Dabab Hostel is centrally located in the heart of Downtown Cairo. It is just a 3-minute-walking distance to the Egyptian Museum in Tahrir Sq., and within easy reach to the main train and bus stations. Dabab Hostel has its own special charm. It is a collection of whitewashed huts on the rooftop attempting to recreate the feel of Sinai beach camp in an unremittingly urban Downtown Cairo. Once you get inside, you will definitely sense the totally laid-back, chilled out and cozy atmosphere. The outdoor garden area is just superb for lounging around and catching up with other travelers in the evening. The breeze is refreshing and the vibe is incontestable. It is an ideal place for artistic travellers as well. Enjoy the fantastic reggae music played, laying back in the sun, smoking Shisha 'Water pipe' on the rooftop at the Bedwin corner. Sit back & relax, plan your itineraries & catch up with your family & friends by logging onto our new optimized FREE WiFi Broadband Internet coverage for the entire hostel. Our rooms are equipped withprivate facilities and A/C. We have single, double and private dorms available and there are 39 rooms in total. Airport Pickup Service Once you have made your booking, you will be contacted by a staff member to organize it with you. At the airport, you will find our representative waiting for you holding a sign of your name and Dahab hostel, after you finish passport checking and custom clearance. Things to see in the local area Shopping Bazars. Khan El-Khalili Market. Al Azhar Mosque. Old Cairo /Islamic Cairo. Coptic Area. The Citadel. Cairo Tower. Cairo Opera House. In the evenings, the local area has a wide variety of restaurants and lively nightspots. Thank you for choosing Dahab Hostel ... See you soon in Cairo... ...::: NEW :::... Check out our new Deluxe rooms with private facilities and A/C"
Baron Hotel Cairo,4.0,"EGP 2,261",",Free parking,Wifi,Hot bath,Free breakfast,Evening entertainment,Nightclub / DJ,Airport transportation,Business Centre with Internet Access,Street parking,Bar / lounge,Restaurant,Breakfast buffet,Breakfast in the room,Special diet menus,Shuttle bus service,Car hire,Conference facilities,Banquet room,Meeting rooms,24-hour security,Baggage storage,Concierge,Currency exchange,Gift shop,Newspaper,Shops,Doorperson,24-hour front desk,Dry cleaning,Laundry service,Ironing service,Air conditioning,Housekeeping,Private balcony,Room service,Safe,VIP room facilities,Minibar,Flatscreen TV,Bridal suite,Non-smoking rooms,Suites,Smoking rooms available","14 Al Baroon El-Montaza, Cairo 11511 Egypt",Hilltop Hotel located in business center of Heliopolis overlooking the famous Baron Empain Palace.
Golden Tulip Flamenco Hotel Flamenco Cairo,3.5,"EGP 2,765",",Free wifi in the business centre,Bar / lounge,Business Centre with Internet Access,Conference facilities,24-hour security,Concierge,24-hour check-in,24-hour front desk,Coffee shop,Restaurant,Breakfast available,Breakfast buffet,Breakfast in the room,Snack bar,Special diet menus,Wine / champagne,Banquet room,Meeting rooms,Photo copier / fax In business centre,Gift shop,Doorperson,First aid kit,Dry cleaning,Laundry service,Ironing service,Air conditioning,Room service,Safe,Flatscreen TV,Complimentary toiletries,Hair dryer,City view,Landmark view,Non-smoking rooms,Suites,Smoking rooms available","2 El Gezira El Wosta Street Zamalek, Cairo 11511 Egypt","Golden Tulip Flamenco is an excellent choice for travellers visiting Cairo, offering a family-friendly environment alongside many helpful amenities designed to enhance your stay.The rooms offer a flat screen TV and air conditioning, allowing you to rest and refresh with ease.Cairo Golden Tulip features room service and a concierge. In addition, as a valued Golden Tulip Flamenco guest, you can enjoy free breakfast that is available on-site.Close to some of Cairo's most popular landmarks, such as Cairo Tower (1.5 mi) and Zamalek (Gezira Island) (1.6 mi), Golden Tulip Flamenco is a great destination for tourists.Travellers looking to enjoy some shrimp can head to Kadoura Fish Restaurant, Birdcage, or Abou el-Sid. Otherwise, you may want to check out a French restaurant such as The Revolving Restaurant, Le Deck, or The Grill Restaurant & Lounge.Cairo is also home to Egyptian Geology Museum, a popular science museum that is not too far from Cairo Golden Tulip.Enjoy your stay in Cairo!"
